AcadYr,Major,Level,NumRecords,School
2016,Undeclared,Undergraduate,13140,Berkeley
2016,Other/Interdisc.,Undergraduate,1265,Berkeley
2016,Multiple Majors,Undergraduate,1488,Berkeley
2016,Social Sciences,Undergraduate,2806,Berkeley
2016,Public Admin,Undergraduate,200,Berkeley
2016,Physical Sciences,Undergraduate,1241,Berkeley
2016,Other Health Science,Undergraduate,216,Berkeley
2016,Life Sciences,Undergraduate,2171,Berkeley
2016,Engineering/CS,Undergraduate,4425,Berkeley
2016,Business,Undergraduate,598,Berkeley
2016,Arts & Humanities,Undergraduate,1213,Berkeley
2016,Architecture,Undergraduate,547,Berkeley
2015,Undeclared,Undergraduate,11235,Berkeley
2015,Other/Interdisc.,Undergraduate,1286,Berkeley
2015,Multiple Majors,Undergraduate,1496,Berkeley
2015,Social Sciences,Undergraduate,3151,Berkeley
2015,Public Admin,Undergraduate,208,Berkeley
2015,Physical Sciences,Undergraduate,1280,Berkeley
2015,Other Health Science,Undergraduate,334,Berkeley
2015,Life Sciences,Undergraduate,2089,Berkeley
2015,Engineering/CS,Undergraduate,4056,Berkeley
2015,Business,Undergraduate,593,Berkeley
2015,Arts & Humanities,Undergraduate,1284,Berkeley
2015,Architecture,Undergraduate,484,Berkeley
2014,Undeclared,Undergraduate,11025,Berkeley
2014,Other/Interdisc.,Undergraduate,1043,Berkeley
2014,Multiple Majors,Undergraduate,1586,Berkeley
2014,Social Sciences,Undergraduate,3196,Berkeley
2014,Public Admin,Undergraduate,218,Berkeley
2014,Physical Sciences,Undergraduate,1271,Berkeley
2014,Other Health Science,Undergraduate,315,Berkeley
2014,Life Sciences,Undergraduate,2193,Berkeley
2014,Engineering/CS,Undergraduate,3940,Berkeley
2014,Business,Undergraduate,565,Berkeley
2014,Arts & Humanities,Undergraduate,1326,Berkeley
2014,Architecture,Undergraduate,448,Berkeley
2013,Undeclared,Undergraduate,10029,Berkeley
2013,Other/Interdisc.,Undergraduate,1013,Berkeley
2013,Multiple Majors,Undergraduate,1656,Berkeley
2013,Social Sciences,Undergraduate,3096,Berkeley
2013,Public Admin,Undergraduate,221,Berkeley
2013,Physical Sciences,Undergraduate,1206,Berkeley
2013,Other Health Science,Undergraduate,261,Berkeley
2013,Life Sciences,Undergraduate,2242,Berkeley
2013,Engineering/CS,Undergraduate,3787,Berkeley
2013,Business,Undergraduate,554,Berkeley
2013,Arts & Humanities,Undergraduate,1446,Berkeley
2013,Architecture,Undergraduate,440,Berkeley
2012,Undeclared,Undergraduate,9997,Berkeley
2012,Other/Interdisc.,Undergraduate,1029,Berkeley
2012,Multiple Majors,Undergraduate,1553,Berkeley
2012,Social Sciences,Undergraduate,3136,Berkeley
2012,Public Admin,Undergraduate,211,Berkeley
2012,Physical Sciences,Undergraduate,1118,Berkeley
2012,Other Health Science,Undergraduate,222,Berkeley
2012,Life Sciences,Undergraduate,2210,Berkeley
2012,Engineering/CS,Undergraduate,3634,Berkeley
2012,Business,Undergraduate,557,Berkeley
2012,Arts & Humanities,Undergraduate,1612,Berkeley
2012,Architecture,Undergraduate,495,Berkeley
2011,Undeclared,Undergraduate,9893,Berkeley
2011,Other/Interdisc.,Undergraduate,1050,Berkeley
2011,Multiple Majors,Undergraduate,1524,Berkeley
2011,Social Sciences,Undergraduate,3303,Berkeley
2011,Public Admin,Undergraduate,236,Berkeley
2011,Physical Sciences,Undergraduate,1028,Berkeley
2011,Other Health Science,Undergraduate,221,Berkeley
2011,Life Sciences,Undergraduate,2407,Berkeley
2011,Engineering/CS,Undergraduate,3526,Berkeley
2011,Business,Undergraduate,546,Berkeley
2011,Arts & Humanities,Undergraduate,1647,Berkeley
2011,Architecture,Undergraduate,504,Berkeley
2010,Undeclared,Undergraduate,9879,Berkeley
2010,Other/Interdisc.,Undergraduate,1026,Berkeley
2010,Multiple Majors,Undergraduate,1553,Berkeley
2010,Social Sciences,Undergraduate,3121,Berkeley
2010,Public Admin,Undergraduate,237,Berkeley
2010,Physical Sciences,Undergraduate,968,Berkeley
2010,Other Health Science,Undergraduate,281,Berkeley
2010,Life Sciences,Undergraduate,2330,Berkeley
2010,Engineering/CS,Undergraduate,3369,Berkeley
2010,Business,Undergraduate,533,Berkeley
2010,Arts & Humanities,Undergraduate,1725,Berkeley
2010,Architecture,Undergraduate,518,Berkeley
2009,Undeclared,Undergraduate,10037,Berkeley
2009,Other/Interdisc.,Undergraduate,1019,Berkeley
2009,Multiple Majors,Undergraduate,1490,Berkeley
2009,Social Sciences,Undergraduate,3042,Berkeley
2009,Public Admin,Undergraduate,211,Berkeley
2009,Physical Sciences,Undergraduate,945,Berkeley
2009,Other Health Science,Undergraduate,266,Berkeley
2009,Life Sciences,Undergraduate,2307,Berkeley
2009,Engineering/CS,Undergraduate,3301,Berkeley
2009,Business,Undergraduate,530,Berkeley
2009,Arts & Humanities,Undergraduate,1827,Berkeley
2009,Architecture,Undergraduate,555,Berkeley
2008,Undeclared,Undergraduate,10017,Berkeley
2008,Other/Interdisc.,Undergraduate,1011,Berkeley
2008,Multiple Majors,Undergraduate,1444,Berkeley
2008,Social Sciences,Undergraduate,3085,Berkeley
2008,Public Admin,Undergraduate,181,Berkeley
2008,Physical Sciences,Undergraduate,839,Berkeley
2008,Other Health Science,Undergraduate,193,Berkeley
2008,Life Sciences,Undergraduate,2152,Berkeley
2008,Engineering/CS,Undergraduate,3200,Berkeley
2008,Business,Undergraduate,517,Berkeley
2008,Arts & Humanities,Undergraduate,1924,Berkeley
2008,Architecture,Undergraduate,588,Berkeley
2007,Undeclared,Undergraduate,9963,Berkeley
2007,Other/Interdisc.,Undergraduate,981,Berkeley
2007,Multiple Majors,Undergraduate,1526,Berkeley
2007,Social Sciences,Undergraduate,2990,Berkeley
2007,Public Admin,Undergraduate,184,Berkeley
2007,Physical Sciences,Undergraduate,848,Berkeley
2007,Other Health Science,Undergraduate,122,Berkeley
2007,Life Sciences,Undergraduate,1975,Berkeley
2007,Engineering/CS,Undergraduate,3015,Berkeley
2007,Business,Undergraduate,509,Berkeley
2007,Arts & Humanities,Undergraduate,1911,Berkeley
2007,Architecture,Undergraduate,612,Berkeley
2016,Other/Interdisc.,Graduate,461,Berkeley
2016,Multiple Majors,Graduate,426,Berkeley
2016,Social Sciences,Graduate,598,Berkeley
2016,Public Admin,Graduate,404,Berkeley
2016,Physical Sciences,Graduate,1096,Berkeley
2016,Other Health Science,Graduate,783,Berkeley
2016,Life Sciences,Graduate,998,Berkeley
2016,Law,Graduate,912,Berkeley
2016,Engineering/CS,Graduate,2345,Berkeley
2016,Education,Graduate,247,Berkeley
2016,Business,Graduate,1531,Berkeley
2016,Arts & Humanities,Graduate,699,Berkeley
2016,Architecture,Graduate,344,Berkeley
2015,Other/Interdisc.,Graduate,495,Berkeley
2015,Multiple Majors,Graduate,195,Berkeley
2015,Social Sciences,Graduate,661,Berkeley
2015,Public Admin,Graduate,372,Berkeley
2015,Physical Sciences,Graduate,1092,Berkeley
2015,Other Health Science,Graduate,743,Berkeley
2015,Life Sciences,Graduate,1014,Berkeley
2015,Law,Graduate,925,Berkeley
2015,Engineering/CS,Graduate,2185,Berkeley
2015,Education,Graduate,345,Berkeley
2015,Business,Graduate,1496,Berkeley
2015,Arts & Humanities,Graduate,809,Berkeley
2015,Architecture,Graduate,361,Berkeley
2014,Other/Interdisc.,Graduate,471,Berkeley
2014,Multiple Majors,Graduate,185,Berkeley
2014,Social Sciences,Graduate,717,Berkeley
2014,Public Admin,Graduate,355,Berkeley
2014,Physical Sciences,Graduate,1060,Berkeley
2014,Other Health Science,Graduate,694,Berkeley
2014,Life Sciences,Graduate,964,Berkeley
2014,Law,Graduate,874,Berkeley
2014,Engineering/CS,Graduate,2044,Berkeley
2014,Education,Graduate,363,Berkeley
2014,Business,Graduate,1495,Berkeley
2014,Arts & Humanities,Graduate,855,Berkeley
2014,Architecture,Graduate,362,Berkeley
2013,Other/Interdisc.,Graduate,423,Berkeley
2013,Multiple Majors,Graduate,189,Berkeley
2013,Social Sciences,Graduate,749,Berkeley
2013,Public Admin,Graduate,354,Berkeley
2013,Physical Sciences,Graduate,1086,Berkeley
2013,Other Health Science,Graduate,655,Berkeley
2013,Life Sciences,Graduate,965,Berkeley
2013,Law,Graduate,854,Berkeley
2013,Engineering/CS,Graduate,1946,Berkeley
2013,Education,Graduate,354,Berkeley
2013,Business,Graduate,1429,Berkeley
2013,Arts & Humanities,Graduate,885,Berkeley
2013,Architecture,Graduate,358,Berkeley
2012,Other/Interdisc.,Graduate,417,Berkeley
2012,Multiple Majors,Graduate,170,Berkeley
2012,Social Sciences,Graduate,772,Berkeley
2012,Public Admin,Graduate,381,Berkeley
2012,Physical Sciences,Graduate,1053,Berkeley
2012,Other Health Science,Graduate,614,Berkeley
2012,Life Sciences,Graduate,962,Berkeley
2012,Law,Graduate,853,Berkeley
2012,Engineering/CS,Graduate,1835,Berkeley
2012,Education,Graduate,363,Berkeley
2012,Business,Graduate,1419,Berkeley
2012,Arts & Humanities,Graduate,924,Berkeley
2012,Architecture,Graduate,356,Berkeley
2011,Other/Interdisc.,Graduate,381,Berkeley
2011,Multiple Majors,Graduate,185,Berkeley
2011,Social Sciences,Graduate,827,Berkeley
2011,Public Admin,Graduate,388,Berkeley
2011,Physical Sciences,Graduate,1027,Berkeley
2011,Other Health Science,Graduate,589,Berkeley
2011,Life Sciences,Graduate,948,Berkeley
2011,Law,Graduate,870,Berkeley
2011,Engineering/CS,Graduate,1850,Berkeley
2011,Education,Graduate,354,Berkeley
2011,Business,Graduate,1516,Berkeley
2011,Arts & Humanities,Graduate,956,Berkeley
2011,Architecture,Graduate,361,Berkeley
2010,Other/Interdisc.,Graduate,444,Berkeley
2010,Multiple Majors,Graduate,204,Berkeley
2010,Social Sciences,Graduate,842,Berkeley
2010,Public Admin,Graduate,372,Berkeley
2010,Physical Sciences,Graduate,992,Berkeley
2010,Other Health Science,Graduate,634,Berkeley
2010,Life Sciences,Graduate,926,Berkeley
2010,Law,Graduate,915,Berkeley
2010,Engineering/CS,Graduate,1736,Berkeley
2010,Education,Graduate,368,Berkeley
2010,Business,Graduate,1519,Berkeley
2010,Arts & Humanities,Graduate,989,Berkeley
2010,Architecture,Graduate,352,Berkeley
2009,Other/Interdisc.,Graduate,418,Berkeley
2009,Multiple Majors,Graduate,199,Berkeley
2009,Social Sciences,Graduate,856,Berkeley
2009,Public Admin,Graduate,373,Berkeley
2009,Physical Sciences,Graduate,1013,Berkeley
2009,Other Health Science,Graduate,617,Berkeley
2009,Life Sciences,Graduate,936,Berkeley
2009,Law,Graduate,892,Berkeley
2009,Engineering/CS,Graduate,1767,Berkeley
2009,Education,Graduate,422,Berkeley
2009,Business,Graduate,1493,Berkeley
2009,Arts & Humanities,Graduate,979,Berkeley
2009,Architecture,Graduate,335,Berkeley
2008,Other/Interdisc.,Graduate,461,Berkeley
2008,Multiple Majors,Graduate,203,Berkeley
2008,Social Sciences,Graduate,880,Berkeley
2008,Public Admin,Graduate,378,Berkeley
2008,Physical Sciences,Graduate,930,Berkeley
2008,Other Health Science,Graduate,576,Berkeley
2008,Life Sciences,Graduate,880,Berkeley
2008,Law,Graduate,858,Berkeley
2008,Engineering/CS,Graduate,1845,Berkeley
2008,Education,Graduate,447,Berkeley
2008,Business,Graduate,1480,Berkeley
2008,Arts & Humanities,Graduate,990,Berkeley
2008,Architecture,Graduate,317,Berkeley
2007,Other/Interdisc.,Graduate,453,Berkeley
2007,Multiple Majors,Graduate,211,Berkeley
2007,Social Sciences,Graduate,937,Berkeley
2007,Public Admin,Graduate,367,Berkeley
2007,Physical Sciences,Graduate,961,Berkeley
2007,Other Health Science,Graduate,571,Berkeley
2007,Life Sciences,Graduate,896,Berkeley
2007,Law,Graduate,835,Berkeley
2007,Engineering/CS,Graduate,1842,Berkeley
2007,Education,Graduate,448,Berkeley
2007,Business,Graduate,1476,Berkeley
2007,Arts & Humanities,Graduate,987,Berkeley
2007,Architecture,Graduate,320,Berkeley
2016,Undeclared,Undergraduate,345,Davis
2016,Other/Interdisc.,Undergraduate,1844,Davis
2016,Multiple Majors,Undergraduate,1339,Davis
2016,Social Sciences,Undergraduate,6022,Davis
2016,Physical Sciences,Undergraduate,1853,Davis
2016,Other Health Science,Undergraduate,440,Davis
2016,Life Sciences,Undergraduate,8872,Davis
2016,Engineering/CS,Undergraduate,4375,Davis
2016,Education,Undergraduate,97,Davis
2016,Business,Undergraduate,1362,Davis
2016,Arts & Humanities,Undergraduate,2485,Davis
2016,Architecture,Undergraduate,345,Davis
2015,Undeclared,Undergraduate,382,Davis
2015,Other/Interdisc.,Undergraduate,1708,Davis
2015,Multiple Majors,Undergraduate,1265,Davis
2015,Social Sciences,Undergraduate,5742,Davis
2015,Physical Sciences,Undergraduate,1735,Davis
2015,Other Health Science,Undergraduate,402,Davis
2015,Life Sciences,Undergraduate,8658,Davis
2015,Engineering/CS,Undergraduate,4305,Davis
2015,Education,Undergraduate,73,Davis
2015,Business,Undergraduate,1297,Davis
2015,Arts & Humanities,Undergraduate,2384,Davis
2015,Architecture,Undergraduate,306,Davis
2014,Undeclared,Undergraduate,432,Davis
2014,Other/Interdisc.,Undergraduate,1536,Davis
2014,Multiple Majors,Undergraduate,1071,Davis
2014,Social Sciences,Undergraduate,5700,Davis
2014,Physical Sciences,Undergraduate,1670,Davis
2014,Other Health Science,Undergraduate,397,Davis
2014,Life Sciences,Undergraduate,8722,Davis
2014,Engineering/CS,Undergraduate,4195,Davis
2014,Education,Undergraduate,42,Davis
2014,Business,Undergraduate,1146,Davis
2014,Arts & Humanities,Undergraduate,2369,Davis
2014,Architecture,Undergraduate,285,Davis
2013,Undeclared,Undergraduate,496,Davis
2013,Other/Interdisc.,Undergraduate,1472,Davis
2013,Multiple Majors,Undergraduate,736,Davis
2013,Social Sciences,Undergraduate,5687,Davis
2013,Physical Sciences,Undergraduate,1607,Davis
2013,Other Health Science,Undergraduate,331,Davis
2013,Life Sciences,Undergraduate,8629,Davis
2013,Engineering/CS,Undergraduate,3837,Davis
2013,Education,Undergraduate,36,Davis
2013,Business,Undergraduate,985,Davis
2013,Arts & Humanities,Undergraduate,2451,Davis
2013,Architecture,Undergraduate,266,Davis
2012,Undeclared,Undergraduate,562,Davis
2012,Other/Interdisc.,Undergraduate,1377,Davis
2012,Multiple Majors,Undergraduate,857,Davis
2012,Social Sciences,Undergraduate,5749,Davis
2012,Physical Sciences,Undergraduate,1593,Davis
2012,Other Health Science,Undergraduate,200,Davis
2012,Life Sciences,Undergraduate,8205,Davis
2012,Engineering/CS,Undergraduate,3640,Davis
2012,Education,Undergraduate,37,Davis
2012,Business,Undergraduate,783,Davis
2012,Arts & Humanities,Undergraduate,2388,Davis
2012,Architecture,Undergraduate,275,Davis
2011,Undeclared,Undergraduate,659,Davis
2011,Other/Interdisc.,Undergraduate,1248,Davis
2011,Multiple Majors,Undergraduate,899,Davis
2011,Social Sciences,Undergraduate,5811,Davis
2011,Physical Sciences,Undergraduate,1670,Davis
2011,Other Health Science,Undergraduate,81,Davis
2011,Life Sciences,Undergraduate,7904,Davis
2011,Engineering/CS,Undergraduate,3262,Davis
2011,Education,Undergraduate,33,Davis
2011,Business,Undergraduate,752,Davis
2011,Arts & Humanities,Undergraduate,2404,Davis
2011,Architecture,Undergraduate,315,Davis
2010,Undeclared,Undergraduate,738,Davis
2010,Other/Interdisc.,Undergraduate,1651,Davis
2010,Multiple Majors,Undergraduate,938,Davis
2010,Social Sciences,Undergraduate,5648,Davis
2010,Physical Sciences,Undergraduate,1547,Davis
2010,Other Health Science,Undergraduate,110,Davis
2010,Life Sciences,Undergraduate,7642,Davis
2010,Engineering/CS,Undergraduate,3048,Davis
2010,Education,Undergraduate,32,Davis
2010,Business,Undergraduate,434,Davis
2010,Arts & Humanities,Undergraduate,2552,Davis
2010,Architecture,Undergraduate,330,Davis
2009,Undeclared,Undergraduate,736,Davis
2009,Other/Interdisc.,Undergraduate,2195,Davis
2009,Multiple Majors,Undergraduate,915,Davis
2009,Social Sciences,Undergraduate,5639,Davis
2009,Physical Sciences,Undergraduate,1454,Davis
2009,Other Health Science,Undergraduate,115,Davis
2009,Life Sciences,Undergraduate,7494,Davis
2009,Engineering/CS,Undergraduate,2892,Davis
2009,Education,Undergraduate,25,Davis
2009,Arts & Humanities,Undergraduate,2791,Davis
2009,Architecture,Undergraduate,370,Davis
2008,Undeclared,Undergraduate,746,Davis
2008,Other/Interdisc.,Undergraduate,2201,Davis
2008,Multiple Majors,Undergraduate,736,Davis
2008,Social Sciences,Undergraduate,5494,Davis
2008,Physical Sciences,Undergraduate,1487,Davis
2008,Other Health Science,Undergraduate,115,Davis
2008,Life Sciences,Undergraduate,7314,Davis
2008,Engineering/CS,Undergraduate,2821,Davis
2008,Education,Undergraduate,1,Davis
2008,Arts & Humanities,Undergraduate,2939,Davis
2008,Architecture,Undergraduate,334,Davis
2007,Undeclared,Undergraduate,510,Davis
2007,Other/Interdisc.,Undergraduate,2141,Davis
2007,Multiple Majors,Undergraduate,799,Davis
2007,Social Sciences,Undergraduate,5295,Davis
2007,Physical Sciences,Undergraduate,1449,Davis
2007,Other Health Science,Undergraduate,105,Davis
2007,Life Sciences,Undergraduate,7217,Davis
2007,Engineering/CS,Undergraduate,2844,Davis
2007,Arts & Humanities,Undergraduate,2809,Davis
2007,Architecture,Undergraduate,309,Davis
2016,Other/Interdisc.,Graduate,426,Davis
2016,Multiple Majors,Graduate,50,Davis
2016,Social Sciences,Graduate,516,Davis
2016,Physical Sciences,Graduate,708,Davis
2016,Other Health Science,Graduate,869,Davis
2016,Medicine,Graduate,437,Davis
2016,Life Sciences,Graduate,1197,Davis
2016,Law,Graduate,502,Davis
2016,Engineering/CS,Graduate,1038,Davis
2016,Education,Graduate,244,Davis
2016,Business,Graduate,465,Davis
2016,Arts & Humanities,Graduate,425,Davis
2016,Architecture,Graduate,26,Davis
2015,Other/Interdisc.,Graduate,436,Davis
2015,Multiple Majors,Graduate,64,Davis
2015,Social Sciences,Graduate,504,Davis
2015,Physical Sciences,Graduate,716,Davis
2015,Other Health Science,Graduate,786,Davis
2015,Medicine,Graduate,433,Davis
2015,Life Sciences,Graduate,1159,Davis
2015,Law,Graduate,495,Davis
2015,Engineering/CS,Graduate,993,Davis
2015,Education,Graduate,287,Davis
2015,Business,Graduate,491,Davis
2015,Arts & Humanities,Graduate,413,Davis
2015,Architecture,Graduate,25,Davis
2014,Other/Interdisc.,Graduate,436,Davis
2014,Multiple Majors,Graduate,67,Davis
2014,Social Sciences,Graduate,511,Davis
2014,Physical Sciences,Graduate,684,Davis
2014,Other Health Science,Graduate,761,Davis
2014,Medicine,Graduate,433,Davis
2014,Life Sciences,Graduate,1150,Davis
2014,Law,Graduate,503,Davis
2014,Engineering/CS,Graduate,996,Davis
2014,Education,Graduate,281,Davis
2014,Business,Graduate,519,Davis
2014,Arts & Humanities,Graduate,414,Davis
2014,Architecture,Graduate,25,Davis
2013,Other/Interdisc.,Graduate,410,Davis
2013,Multiple Majors,Graduate,76,Davis
2013,Social Sciences,Graduate,496,Davis
2013,Physical Sciences,Graduate,654,Davis
2013,Other Health Science,Graduate,719,Davis
2013,Medicine,Graduate,414,Davis
2013,Life Sciences,Graduate,1099,Davis
2013,Law,Graduate,498,Davis
2013,Engineering/CS,Graduate,978,Davis
2013,Education,Graduate,291,Davis
2013,Business,Graduate,540,Davis
2013,Arts & Humanities,Graduate,416,Davis
2013,Architecture,Graduate,23,Davis
2012,Other/Interdisc.,Graduate,385,Davis
2012,Multiple Majors,Graduate,84,Davis
2012,Social Sciences,Graduate,496,Davis
2012,Physical Sciences,Graduate,593,Davis
2012,Other Health Science,Graduate,692,Davis
2012,Medicine,Graduate,411,Davis
2012,Life Sciences,Graduate,1122,Davis
2012,Law,Graduate,568,Davis
2012,Engineering/CS,Graduate,947,Davis
2012,Education,Graduate,275,Davis
2012,Business,Graduate,522,Davis
2012,Arts & Humanities,Graduate,411,Davis
2012,Architecture,Graduate,31,Davis
2011,Other/Interdisc.,Graduate,366,Davis
2011,Multiple Majors,Graduate,84,Davis
2011,Social Sciences,Graduate,487,Davis
2011,Physical Sciences,Graduate,575,Davis
2011,Other Health Science,Graduate,682,Davis
2011,Medicine,Graduate,407,Davis
2011,Life Sciences,Graduate,1127,Davis
2011,Law,Graduate,596,Davis
2011,Engineering/CS,Graduate,985,Davis
2011,Education,Graduate,281,Davis
2011,Business,Graduate,499,Davis
2011,Arts & Humanities,Graduate,426,Davis
2011,Architecture,Graduate,40,Davis
2010,Other/Interdisc.,Graduate,370,Davis
2010,Multiple Majors,Graduate,83,Davis
2010,Social Sciences,Graduate,487,Davis
2010,Physical Sciences,Graduate,592,Davis
2010,Other Health Science,Graduate,628,Davis
2010,Medicine,Graduate,397,Davis
2010,Life Sciences,Graduate,1135,Davis
2010,Law,Graduate,591,Davis
2010,Engineering/CS,Graduate,987,Davis
2010,Education,Graduate,299,Davis
2010,Business,Graduate,515,Davis
2010,Arts & Humanities,Graduate,431,Davis
2010,Architecture,Graduate,30,Davis
2009,Other/Interdisc.,Graduate,404,Davis
2009,Multiple Majors,Graduate,87,Davis
2009,Social Sciences,Graduate,502,Davis
2009,Physical Sciences,Graduate,586,Davis
2009,Other Health Science,Graduate,598,Davis
2009,Medicine,Graduate,401,Davis
2009,Life Sciences,Graduate,1138,Davis
2009,Law,Graduate,606,Davis
2009,Engineering/CS,Graduate,897,Davis
2009,Education,Graduate,260,Davis
2009,Business,Graduate,545,Davis
2009,Arts & Humanities,Graduate,426,Davis
2009,Architecture,Graduate,27,Davis
2008,Other/Interdisc.,Graduate,429,Davis
2008,Multiple Majors,Graduate,85,Davis
2008,Social Sciences,Graduate,506,Davis
2008,Physical Sciences,Graduate,547,Davis
2008,Other Health Science,Graduate,569,Davis
2008,Medicine,Graduate,391,Davis
2008,Life Sciences,Graduate,1062,Davis
2008,Law,Graduate,575,Davis
2008,Engineering/CS,Graduate,884,Davis
2008,Education,Graduate,254,Davis
2008,Business,Graduate,504,Davis
2008,Arts & Humanities,Graduate,413,Davis
2008,Architecture,Graduate,25,Davis
2007,Other/Interdisc.,Graduate,439,Davis
2007,Multiple Majors,Graduate,95,Davis
2007,Social Sciences,Graduate,503,Davis
2007,Physical Sciences,Graduate,563,Davis
2007,Other Health Science,Graduate,543,Davis
2007,Medicine,Graduate,386,Davis
2007,Life Sciences,Graduate,1091,Davis
2007,Law,Graduate,579,Davis
2007,Engineering/CS,Graduate,875,Davis
2007,Education,Graduate,253,Davis
2007,Business,Graduate,457,Davis
2007,Arts & Humanities,Graduate,380,Davis
2007,Architecture,Graduate,28,Davis
2016,Undeclared,Undergraduate,1998,Irvine
2016,Other/Interdisc.,Undergraduate,1425,Irvine
2016,Multiple Majors,Undergraduate,1659,Irvine
2016,Social Sciences,Undergraduate,4697,Irvine
2016,Physical Sciences,Undergraduate,1614,Irvine
2016,Other Health Science,Undergraduate,1964,Irvine
2016,Life Sciences,Undergraduate,3538,Irvine
2016,Engineering/CS,Undergraduate,5706,Irvine
2016,Education,Undergraduate,457,Irvine
2016,Business,Undergraduate,2512,Irvine
2016,Arts & Humanities,Undergraduate,1761,Irvine
2015,Undeclared,Undergraduate,2094,Irvine
2015,Other/Interdisc.,Undergraduate,1575,Irvine
2015,Multiple Majors,Undergraduate,1521,Irvine
2015,Social Sciences,Undergraduate,4518,Irvine
2015,Physical Sciences,Undergraduate,1334,Irvine
2015,Other Health Science,Undergraduate,1958,Irvine
2015,Life Sciences,Undergraduate,3163,Irvine
2015,Engineering/CS,Undergraduate,4819,Irvine
2015,Education,Undergraduate,304,Irvine
2015,Business,Undergraduate,2233,Irvine
2015,Arts & Humanities,Undergraduate,1737,Irvine
2014,Undeclared,Undergraduate,2141,Irvine
2014,Other/Interdisc.,Undergraduate,1488,Irvine
2014,Multiple Majors,Undergraduate,1480,Irvine
2014,Social Sciences,Undergraduate,4643,Irvine
2014,Physical Sciences,Undergraduate,1172,Irvine
2014,Other Health Science,Undergraduate,1983,Irvine
2014,Life Sciences,Undergraduate,3088,Irvine
2014,Engineering/CS,Undergraduate,4564,Irvine
2014,Education,Undergraduate,145,Irvine
2014,Business,Undergraduate,1952,Irvine
2014,Arts & Humanities,Undergraduate,1833,Irvine
2013,Undeclared,Undergraduate,2160,Irvine
2013,Other/Interdisc.,Undergraduate,1396,Irvine
2013,Multiple Majors,Undergraduate,1298,Irvine
2013,Social Sciences,Undergraduate,4573,Irvine
2013,Physical Sciences,Undergraduate,1135,Irvine
2013,Other Health Science,Undergraduate,1905,Irvine
2013,Life Sciences,Undergraduate,3336,Irvine
2013,Engineering/CS,Undergraduate,3944,Irvine
2013,Education,Undergraduate,56,Irvine
2013,Business,Undergraduate,1800,Irvine
2013,Arts & Humanities,Undergraduate,1927,Irvine
2012,Undeclared,Undergraduate,1741,Irvine
2012,Other/Interdisc.,Undergraduate,1384,Irvine
2012,Multiple Majors,Undergraduate,1245,Irvine
2012,Social Sciences,Undergraduate,4270,Irvine
2012,Physical Sciences,Undergraduate,1005,Irvine
2012,Other Health Science,Undergraduate,1756,Irvine
2012,Life Sciences,Undergraduate,3787,Irvine
2012,Engineering/CS,Undergraduate,3359,Irvine
2012,Education,Undergraduate,66,Irvine
2012,Business,Undergraduate,1784,Irvine
2012,Arts & Humanities,Undergraduate,1819,Irvine
2011,Undeclared,Undergraduate,1583,Irvine
2011,Other/Interdisc.,Undergraduate,1372,Irvine
2011,Multiple Majors,Undergraduate,1330,Irvine
2011,Social Sciences,Undergraduate,4382,Irvine
2011,Physical Sciences,Undergraduate,979,Irvine
2011,Other Health Science,Undergraduate,1323,Irvine
2011,Life Sciences,Undergraduate,4107,Irvine
2011,Engineering/CS,Undergraduate,3209,Irvine
2011,Education,Undergraduate,11,Irvine
2011,Business,Undergraduate,1701,Irvine
2011,Arts & Humanities,Undergraduate,2006,Irvine
2011,Architecture,Undergraduate,1,Irvine
2010,Undeclared,Undergraduate,1195,Irvine
2010,Other/Interdisc.,Undergraduate,1580,Irvine
2010,Multiple Majors,Undergraduate,1407,Irvine
2010,Social Sciences,Undergraduate,4577,Irvine
2010,Physical Sciences,Undergraduate,984,Irvine
2010,Other Health Science,Undergraduate,1046,Irvine
2010,Life Sciences,Undergraduate,4221,Irvine
2010,Engineering/CS,Undergraduate,3086,Irvine
2010,Business,Undergraduate,1732,Irvine
2010,Arts & Humanities,Undergraduate,2147,Irvine
2010,Architecture,Undergraduate,1,Irvine
2009,Undeclared,Undergraduate,1103,Irvine
2009,Other/Interdisc.,Undergraduate,2048,Irvine
2009,Multiple Majors,Undergraduate,1236,Irvine
2009,Social Sciences,Undergraduate,4666,Irvine
2009,Physical Sciences,Undergraduate,967,Irvine
2009,Other Health Science,Undergraduate,755,Irvine
2009,Life Sciences,Undergraduate,4275,Irvine
2009,Engineering/CS,Undergraduate,2934,Irvine
2009,Business,Undergraduate,1976,Irvine
2009,Arts & Humanities,Undergraduate,2265,Irvine
2009,Architecture,Undergraduate,1,Irvine
2008,Undeclared,Undergraduate,1200,Irvine
2008,Other/Interdisc.,Undergraduate,2194,Irvine
2008,Multiple Majors,Undergraduate,1146,Irvine
2008,Social Sciences,Undergraduate,4809,Irvine
2008,Physical Sciences,Undergraduate,964,Irvine
2008,Other Health Science,Undergraduate,614,Irvine
2008,Life Sciences,Undergraduate,4262,Irvine
2008,Engineering/CS,Undergraduate,2956,Irvine
2008,Business,Undergraduate,1774,Irvine
2008,Arts & Humanities,Undergraduate,2193,Irvine
2008,Architecture,Undergraduate,10,Irvine
2007,Undeclared,Undergraduate,1460,Irvine
2007,Other/Interdisc.,Undergraduate,2302,Irvine
2007,Multiple Majors,Undergraduate,1002,Irvine
2007,Social Sciences,Undergraduate,5085,Irvine
2007,Physical Sciences,Undergraduate,925,Irvine
2007,Other Health Science,Undergraduate,408,Irvine
2007,Life Sciences,Undergraduate,4064,Irvine
2007,Engineering/CS,Undergraduate,2829,Irvine
2007,Business,Undergraduate,1260,Irvine
2007,Arts & Humanities,Undergraduate,2305,Irvine
2007,Architecture,Undergraduate,56,Irvine
2016,Other/Interdisc.,Graduate,64,Irvine
2016,Multiple Majors,Graduate,69,Irvine
2016,Social Sciences,Graduate,565,Irvine
2016,Public Admin,Graduate,44,Irvine
2016,Physical Sciences,Graduate,577,Irvine
2016,Other Health Science,Graduate,218,Irvine
2016,Medicine,Graduate,378,Irvine
2016,Life Sciences,Graduate,391,Irvine
2016,Law,Graduate,358,Irvine
2016,Engineering/CS,Graduate,1354,Irvine
2016,Education,Graduate,190,Irvine
2016,Business,Graduate,716,Irvine
2016,Arts & Humanities,Graduate,420,Irvine
2016,Architecture,Graduate,79,Irvine
2015,Other/Interdisc.,Graduate,42,Irvine
2015,Multiple Majors,Graduate,71,Irvine
2015,Social Sciences,Graduate,552,Irvine
2015,Public Admin,Graduate,44,Irvine
2015,Physical Sciences,Graduate,584,Irvine
2015,Other Health Science,Graduate,219,Irvine
2015,Medicine,Graduate,393,Irvine
2015,Life Sciences,Graduate,405,Irvine
2015,Law,Graduate,334,Irvine
2015,Engineering/CS,Graduate,1405,Irvine
2015,Education,Graduate,184,Irvine
2015,Business,Graduate,721,Irvine
2015,Arts & Humanities,Graduate,430,Irvine
2015,Architecture,Graduate,100,Irvine
2014,Other/Interdisc.,Graduate,36,Irvine
2014,Multiple Majors,Graduate,62,Irvine
2014,Social Sciences,Graduate,567,Irvine
2014,Public Admin,Graduate,38,Irvine
2014,Physical Sciences,Graduate,612,Irvine
2014,Other Health Science,Graduate,193,Irvine
2014,Medicine,Graduate,384,Irvine
2014,Life Sciences,Graduate,405,Irvine
2014,Law,Graduate,325,Irvine
2014,Engineering/CS,Graduate,1431,Irvine
2014,Education,Graduate,179,Irvine
2014,Business,Graduate,725,Irvine
2014,Arts & Humanities,Graduate,450,Irvine
2014,Architecture,Graduate,88,Irvine
2013,Other/Interdisc.,Graduate,39,Irvine
2013,Multiple Majors,Graduate,54,Irvine
2013,Social Sciences,Graduate,549,Irvine
2013,Public Admin,Graduate,31,Irvine
2013,Physical Sciences,Graduate,569,Irvine
2013,Other Health Science,Graduate,148,Irvine
2013,Medicine,Graduate,396,Irvine
2013,Life Sciences,Graduate,419,Irvine
2013,Law,Graduate,341,Irvine
2013,Engineering/CS,Graduate,1273,Irvine
2013,Education,Graduate,189,Irvine
2013,Business,Graduate,733,Irvine
2013,Arts & Humanities,Graduate,463,Irvine
2013,Architecture,Graduate,86,Irvine
2012,Other/Interdisc.,Graduate,40,Irvine
2012,Multiple Majors,Graduate,58,Irvine
2012,Social Sciences,Graduate,528,Irvine
2012,Public Admin,Graduate,38,Irvine
2012,Physical Sciences,Graduate,576,Irvine
2012,Other Health Science,Graduate,143,Irvine
2012,Medicine,Graduate,397,Irvine
2012,Life Sciences,Graduate,426,Irvine
2012,Law,Graduate,295,Irvine
2012,Engineering/CS,Graduate,1226,Irvine
2012,Education,Graduate,142,Irvine
2012,Business,Graduate,720,Irvine
2012,Arts & Humanities,Graduate,486,Irvine
2012,Architecture,Graduate,95,Irvine
2011,Other/Interdisc.,Graduate,37,Irvine
2011,Multiple Majors,Graduate,57,Irvine
2011,Social Sciences,Graduate,520,Irvine
2011,Public Admin,Graduate,21,Irvine
2011,Physical Sciences,Graduate,565,Irvine
2011,Other Health Science,Graduate,131,Irvine
2011,Medicine,Graduate,392,Irvine
2011,Life Sciences,Graduate,459,Irvine
2011,Law,Graduate,231,Irvine
2011,Engineering/CS,Graduate,1152,Irvine
2011,Education,Graduate,156,Irvine
2011,Business,Graduate,728,Irvine
2011,Arts & Humanities,Graduate,532,Irvine
2011,Architecture,Graduate,102,Irvine
2010,Other/Interdisc.,Graduate,42,Irvine
2010,Multiple Majors,Graduate,58,Irvine
2010,Social Sciences,Graduate,545,Irvine
2010,Public Admin,Graduate,31,Irvine
2010,Physical Sciences,Graduate,548,Irvine
2010,Other Health Science,Graduate,63,Irvine
2010,Medicine,Graduate,399,Irvine
2010,Life Sciences,Graduate,434,Irvine
2010,Law,Graduate,143,Irvine
2010,Engineering/CS,Graduate,1055,Irvine
2010,Education,Graduate,167,Irvine
2010,Business,Graduate,796,Irvine
2010,Arts & Humanities,Graduate,550,Irvine
2010,Architecture,Graduate,92,Irvine
2009,Other/Interdisc.,Graduate,23,Irvine
2009,Multiple Majors,Graduate,61,Irvine
2009,Social Sciences,Graduate,541,Irvine
2009,Public Admin,Graduate,30,Irvine
2009,Physical Sciences,Graduate,515,Irvine
2009,Other Health Science,Graduate,40,Irvine
2009,Medicine,Graduate,389,Irvine
2009,Life Sciences,Graduate,461,Irvine
2009,Law,Graduate,60,Irvine
2009,Engineering/CS,Graduate,1021,Irvine
2009,Education,Graduate,176,Irvine
2009,Business,Graduate,833,Irvine
2009,Arts & Humanities,Graduate,555,Irvine
2009,Architecture,Graduate,84,Irvine
2008,Other/Interdisc.,Graduate,35,Irvine
2008,Multiple Majors,Graduate,64,Irvine
2008,Social Sciences,Graduate,538,Irvine
2008,Public Admin,Graduate,29,Irvine
2008,Physical Sciences,Graduate,518,Irvine
2008,Other Health Science,Graduate,11,Irvine
2008,Medicine,Graduate,369,Irvine
2008,Life Sciences,Graduate,458,Irvine
2008,Engineering/CS,Graduate,995,Irvine
2008,Education,Graduate,194,Irvine
2008,Business,Graduate,859,Irvine
2008,Arts & Humanities,Graduate,599,Irvine
2008,Architecture,Graduate,77,Irvine
2007,Other/Interdisc.,Graduate,41,Irvine
2007,Multiple Majors,Graduate,49,Irvine
2007,Social Sciences,Graduate,499,Irvine
2007,Public Admin,Graduate,21,Irvine
2007,Physical Sciences,Graduate,502,Irvine
2007,Other Health Science,Graduate,10,Irvine
2007,Medicine,Graduate,386,Irvine
2007,Life Sciences,Graduate,467,Irvine
2007,Engineering/CS,Graduate,957,Irvine
2007,Education,Graduate,156,Irvine
2007,Business,Graduate,866,Irvine
2007,Arts & Humanities,Graduate,592,Irvine
2007,Architecture,Graduate,83,Irvine
2016,Undeclared,Undergraduate,822,Merced
2016,Other/Interdisc.,Undergraduate,142,Merced
2016,Multiple Majors,Undergraduate,79,Merced
2016,Social Sciences,Undergraduate,1339,Merced
2016,Physical Sciences,Undergraduate,407,Merced
2016,Other Health Science,Undergraduate,222,Merced
2016,Life Sciences,Undergraduate,1482,Merced
2016,Engineering/CS,Undergraduate,1587,Merced
2016,Business,Undergraduate,547,Merced
2016,Arts & Humanities,Undergraduate,188,Merced
2015,Undeclared,Undergraduate,814,Merced
2015,Other/Interdisc.,Undergraduate,180,Merced
2015,Multiple Majors,Undergraduate,106,Merced
2015,Social Sciences,Undergraduate,1268,Merced
2015,Physical Sciences,Undergraduate,353,Merced
2015,Other Health Science,Undergraduate,99,Merced
2015,Life Sciences,Undergraduate,1413,Merced
2015,Engineering/CS,Undergraduate,1378,Merced
2015,Business,Undergraduate,458,Merced
2015,Arts & Humanities,Undergraduate,168,Merced
2014,Undeclared,Undergraduate,898,Merced
2014,Other/Interdisc.,Undergraduate,177,Merced
2014,Multiple Majors,Undergraduate,105,Merced
2014,Social Sciences,Undergraduate,1253,Merced
2014,Physical Sciences,Undergraduate,359,Merced
2014,Other Health Science,Undergraduate,19,Merced
2014,Life Sciences,Undergraduate,1345,Merced
2014,Engineering/CS,Undergraduate,1198,Merced
2014,Business,Undergraduate,355,Merced
2014,Arts & Humanities,Undergraduate,175,Merced
2013,Undeclared,Undergraduate,1009,Merced
2013,Other/Interdisc.,Undergraduate,144,Merced
2013,Multiple Majors,Undergraduate,94,Merced
2013,Social Sciences,Undergraduate,1268,Merced
2013,Physical Sciences,Undergraduate,382,Merced
2013,Life Sciences,Undergraduate,1365,Merced
2013,Engineering/CS,Undergraduate,1058,Merced
2013,Business,Undergraduate,332,Merced
2013,Arts & Humanities,Undergraduate,185,Merced
2012,Undeclared,Undergraduate,886,Merced
2012,Other/Interdisc.,Undergraduate,127,Merced
2012,Multiple Majors,Undergraduate,59,Merced
2012,Social Sciences,Undergraduate,1217,Merced
2012,Physical Sciences,Undergraduate,360,Merced
2012,Life Sciences,Undergraduate,1286,Merced
2012,Engineering/CS,Undergraduate,948,Merced
2012,Business,Undergraduate,349,Merced
2012,Arts & Humanities,Undergraduate,199,Merced
2011,Undeclared,Undergraduate,845,Merced
2011,Other/Interdisc.,Undergraduate,115,Merced
2011,Multiple Majors,Undergraduate,46,Merced
2011,Social Sciences,Undergraduate,1074,Merced
2011,Physical Sciences,Undergraduate,360,Merced
2011,Life Sciences,Undergraduate,1164,Merced
2011,Engineering/CS,Undergraduate,814,Merced
2011,Business,Undergraduate,308,Merced
2011,Arts & Humanities,Undergraduate,212,Merced
2010,Undeclared,Undergraduate,828,Merced
2010,Other/Interdisc.,Undergraduate,93,Merced
2010,Multiple Majors,Undergraduate,37,Merced
2010,Social Sciences,Undergraduate,836,Merced
2010,Physical Sciences,Undergraduate,303,Merced
2010,Life Sciences,Undergraduate,975,Merced
2010,Engineering/CS,Undergraduate,653,Merced
2010,Business,Undergraduate,215,Merced
2010,Arts & Humanities,Undergraduate,198,Merced
2009,Undeclared,Undergraduate,652,Merced
2009,Other/Interdisc.,Undergraduate,83,Merced
2009,Multiple Majors,Undergraduate,20,Merced
2009,Social Sciences,Undergraduate,590,Merced
2009,Physical Sciences,Undergraduate,224,Merced
2009,Life Sciences,Undergraduate,770,Merced
2009,Engineering/CS,Undergraduate,515,Merced
2009,Business,Undergraduate,185,Merced
2009,Arts & Humanities,Undergraduate,151,Merced
2008,Undeclared,Undergraduate,446,Merced
2008,Other/Interdisc.,Undergraduate,55,Merced
2008,Multiple Majors,Undergraduate,10,Merced
2008,Social Sciences,Undergraduate,507,Merced
2008,Physical Sciences,Undergraduate,134,Merced
2008,Life Sciences,Undergraduate,638,Merced
2008,Engineering/CS,Undergraduate,446,Merced
2008,Business,Undergraduate,175,Merced
2008,Arts & Humanities,Undergraduate,123,Merced
2007,Undeclared,Undergraduate,361,Merced
2007,Other/Interdisc.,Undergraduate,31,Merced
2007,Social Sciences,Undergraduate,328,Merced
2007,Physical Sciences,Undergraduate,80,Merced
2007,Life Sciences,Undergraduate,481,Merced
2007,Engineering/CS,Undergraduate,262,Merced
2007,Business,Undergraduate,122,Merced
2007,Arts & Humanities,Undergraduate,85,Merced
2016,Other/Interdisc.,Graduate,48,Merced
2016,Social Sciences,Graduate,81,Merced
2016,Physical Sciences,Graduate,101,Merced
2016,Life Sciences,Graduate,121,Merced
2016,Engineering/CS,Graduate,124,Merced
2016,Arts & Humanities,Graduate,46,Merced
2015,Other/Interdisc.,Graduate,36,Merced
2015,Social Sciences,Graduate,71,Merced
2015,Physical Sciences,Graduate,91,Merced
2015,Life Sciences,Graduate,110,Merced
2015,Engineering/CS,Graduate,98,Merced
2015,Arts & Humanities,Graduate,42,Merced
2014,Other/Interdisc.,Graduate,42,Merced
2014,Social Sciences,Graduate,46,Merced
2014,Physical Sciences,Graduate,83,Merced
2014,Life Sciences,Graduate,98,Merced
2014,Engineering/CS,Graduate,87,Merced
2014,Arts & Humanities,Graduate,28,Merced
2013,Other/Interdisc.,Graduate,45,Merced
2013,Social Sciences,Graduate,36,Merced
2013,Physical Sciences,Graduate,72,Merced
2013,Life Sciences,Graduate,93,Merced
2013,Engineering/CS,Graduate,80,Merced
2013,Arts & Humanities,Graduate,32,Merced
2012,Other/Interdisc.,Graduate,37,Merced
2012,Social Sciences,Graduate,26,Merced
2012,Physical Sciences,Graduate,65,Merced
2012,Life Sciences,Graduate,98,Merced
2012,Engineering/CS,Graduate,74,Merced
2012,Arts & Humanities,Graduate,29,Merced
2011,Other/Interdisc.,Graduate,28,Merced
2011,Social Sciences,Graduate,11,Merced
2011,Physical Sciences,Graduate,51,Merced
2011,Life Sciences,Graduate,86,Merced
2011,Engineering/CS,Graduate,59,Merced
2011,Arts & Humanities,Graduate,25,Merced
2010,Other/Interdisc.,Graduate,71,Merced
2010,Multiple Majors,Graduate,1,Merced
2010,Physical Sciences,Graduate,49,Merced
2010,Life Sciences,Graduate,41,Merced
2010,Engineering/CS,Graduate,62,Merced
2010,Arts & Humanities,Graduate,19,Merced
2009,Other/Interdisc.,Graduate,27,Merced
2009,Physical Sciences,Graduate,49,Merced
2009,Life Sciences,Graduate,77,Merced
2009,Engineering/CS,Graduate,50,Merced
2009,Arts & Humanities,Graduate,21,Merced
2008,Other/Interdisc.,Graduate,22,Merced
2008,Physical Sciences,Graduate,32,Merced
2008,Life Sciences,Graduate,69,Merced
2008,Engineering/CS,Graduate,41,Merced
2008,Arts & Humanities,Graduate,20,Merced
2007,Undeclared,Graduate,58,Merced
2007,Physical Sciences,Graduate,10,Merced
2007,Life Sciences,Graduate,21,Merced
2007,Engineering/CS,Graduate,18,Merced
2007,Arts & Humanities,Graduate,14,Merced
2016,Undeclared,Undergraduate,1323,Riverside
2016,Other/Interdisc.,Undergraduate,107,Riverside
2016,Multiple Majors,Undergraduate,203,Riverside
2016,Social Sciences,Undergraduate,4476,Riverside
2016,Public Admin,Undergraduate,187,Riverside
2016,Physical Sciences,Undergraduate,1242,Riverside
2016,Life Sciences,Undergraduate,4297,Riverside
2016,Engineering/CS,Undergraduate,2590,Riverside
2016,Business,Undergraduate,2901,Riverside
2016,Arts & Humanities,Undergraduate,2473,Riverside
2015,Undeclared,Undergraduate,1395,Riverside
2015,Other/Interdisc.,Undergraduate,92,Riverside
2015,Multiple Majors,Undergraduate,213,Riverside
2015,Social Sciences,Undergraduate,4216,Riverside
2015,Public Admin,Undergraduate,188,Riverside
2015,Physical Sciences,Undergraduate,1040,Riverside
2015,Life Sciences,Undergraduate,3844,Riverside
2015,Engineering/CS,Undergraduate,2365,Riverside
2015,Business,Undergraduate,2833,Riverside
2015,Arts & Humanities,Undergraduate,2421,Riverside
2014,Undeclared,Undergraduate,1396,Riverside
2014,Other/Interdisc.,Undergraduate,96,Riverside
2014,Multiple Majors,Undergraduate,239,Riverside
2014,Social Sciences,Undergraduate,4142,Riverside
2014,Public Admin,Undergraduate,190,Riverside
2014,Physical Sciences,Undergraduate,968,Riverside
2014,Life Sciences,Undergraduate,3898,Riverside
2014,Engineering/CS,Undergraduate,2331,Riverside
2014,Business,Undergraduate,2892,Riverside
2014,Arts & Humanities,Undergraduate,2638,Riverside
2013,Undeclared,Undergraduate,1396,Riverside
2013,Other/Interdisc.,Undergraduate,84,Riverside
2013,Multiple Majors,Undergraduate,276,Riverside
2013,Social Sciences,Undergraduate,4191,Riverside
2013,Public Admin,Undergraduate,144,Riverside
2013,Physical Sciences,Undergraduate,883,Riverside
2013,Life Sciences,Undergraduate,3829,Riverside
2013,Engineering/CS,Undergraduate,2378,Riverside
2013,Business,Undergraduate,2768,Riverside
2013,Arts & Humanities,Undergraduate,2672,Riverside
2012,Undeclared,Undergraduate,1514,Riverside
2012,Other/Interdisc.,Undergraduate,88,Riverside
2012,Multiple Majors,Undergraduate,337,Riverside
2012,Social Sciences,Undergraduate,4146,Riverside
2012,Public Admin,Undergraduate,133,Riverside
2012,Physical Sciences,Undergraduate,863,Riverside
2012,Life Sciences,Undergraduate,3655,Riverside
2012,Engineering/CS,Undergraduate,2258,Riverside
2012,Business,Undergraduate,2690,Riverside
2012,Arts & Humanities,Undergraduate,2855,Riverside
2011,Undeclared,Undergraduate,1886,Riverside
2011,Other/Interdisc.,Undergraduate,156,Riverside
2011,Multiple Majors,Undergraduate,338,Riverside
2011,Social Sciences,Undergraduate,4108,Riverside
2011,Public Admin,Undergraduate,116,Riverside
2011,Physical Sciences,Undergraduate,766,Riverside
2011,Life Sciences,Undergraduate,3524,Riverside
2011,Engineering/CS,Undergraduate,2135,Riverside
2011,Business,Undergraduate,2571,Riverside
2011,Arts & Humanities,Undergraduate,2922,Riverside
2010,Undeclared,Undergraduate,1644,Riverside
2010,Other/Interdisc.,Undergraduate,385,Riverside
2010,Multiple Majors,Undergraduate,333,Riverside
2010,Social Sciences,Undergraduate,3905,Riverside
2010,Public Admin,Undergraduate,84,Riverside
2010,Physical Sciences,Undergraduate,749,Riverside
2010,Life Sciences,Undergraduate,3889,Riverside
2010,Engineering/CS,Undergraduate,2046,Riverside
2010,Business,Undergraduate,2543,Riverside
2010,Arts & Humanities,Undergraduate,2664,Riverside
2009,Undeclared,Undergraduate,1623,Riverside
2009,Other/Interdisc.,Undergraduate,444,Riverside
2009,Multiple Majors,Undergraduate,314,Riverside
2009,Social Sciences,Undergraduate,3474,Riverside
2009,Public Admin,Undergraduate,54,Riverside
2009,Physical Sciences,Undergraduate,620,Riverside
2009,Life Sciences,Undergraduate,3761,Riverside
2009,Engineering/CS,Undergraduate,1707,Riverside
2009,Business,Undergraduate,2584,Riverside
2009,Arts & Humanities,Undergraduate,2415,Riverside
2008,Undeclared,Undergraduate,1688,Riverside
2008,Other/Interdisc.,Undergraduate,568,Riverside
2008,Multiple Majors,Undergraduate,255,Riverside
2008,Social Sciences,Undergraduate,2981,Riverside
2008,Public Admin,Undergraduate,35,Riverside
2008,Physical Sciences,Undergraduate,550,Riverside
2008,Life Sciences,Undergraduate,3222,Riverside
2008,Engineering/CS,Undergraduate,1479,Riverside
2008,Business,Undergraduate,2691,Riverside
2008,Arts & Humanities,Undergraduate,2239,Riverside
2007,Undeclared,Undergraduate,1637,Riverside
2007,Other/Interdisc.,Undergraduate,406,Riverside
2007,Multiple Majors,Undergraduate,274,Riverside
2007,Social Sciences,Undergraduate,2879,Riverside
2007,Public Admin,Undergraduate,17,Riverside
2007,Physical Sciences,Undergraduate,500,Riverside
2007,Life Sciences,Undergraduate,3123,Riverside
2007,Engineering/CS,Undergraduate,1298,Riverside
2007,Business,Undergraduate,2624,Riverside
2007,Arts & Humanities,Undergraduate,2215,Riverside
2016,Social Sciences,Graduate,307,Riverside
2016,Public Admin,Graduate,43,Riverside
2016,Physical Sciences,Graduate,494,Riverside
2016,Medicine,Graduate,206,Riverside
2016,Life Sciences,Graduate,436,Riverside
2016,Engineering/CS,Graduate,698,Riverside
2016,Education,Graduate,230,Riverside
2016,Business,Graduate,260,Riverside
2016,Arts & Humanities,Graduate,433,Riverside
2015,Social Sciences,Graduate,286,Riverside
2015,Public Admin,Graduate,27,Riverside
2015,Physical Sciences,Graduate,457,Riverside
2015,Medicine,Graduate,147,Riverside
2015,Life Sciences,Graduate,421,Riverside
2015,Engineering/CS,Graduate,622,Riverside
2015,Education,Graduate,205,Riverside
2015,Business,Graduate,288,Riverside
2015,Arts & Humanities,Graduate,442,Riverside
2014,Social Sciences,Graduate,288,Riverside
2014,Physical Sciences,Graduate,453,Riverside
2014,Medicine,Graduate,100,Riverside
2014,Life Sciences,Graduate,425,Riverside
2014,Engineering/CS,Graduate,551,Riverside
2014,Education,Graduate,200,Riverside
2014,Business,Graduate,321,Riverside
2014,Arts & Humanities,Graduate,446,Riverside
2013,Other/Interdisc.,Graduate,29,Riverside
2013,Social Sciences,Graduate,288,Riverside
2013,Physical Sciences,Graduate,436,Riverside
2013,Medicine,Graduate,78,Riverside
2013,Life Sciences,Graduate,401,Riverside
2013,Engineering/CS,Graduate,496,Riverside
2013,Education,Graduate,166,Riverside
2013,Business,Graduate,266,Riverside
2013,Arts & Humanities,Graduate,467,Riverside
2012,Social Sciences,Graduate,297,Riverside
2012,Physical Sciences,Graduate,408,Riverside
2012,Medicine,Graduate,58,Riverside
2012,Life Sciences,Graduate,403,Riverside
2012,Engineering/CS,Graduate,455,Riverside
2012,Education,Graduate,163,Riverside
2012,Business,Graduate,205,Riverside
2012,Arts & Humanities,Graduate,433,Riverside
2011,Social Sciences,Graduate,309,Riverside
2011,Physical Sciences,Graduate,394,Riverside
2011,Medicine,Graduate,55,Riverside
2011,Life Sciences,Graduate,380,Riverside
2011,Engineering/CS,Graduate,459,Riverside
2011,Education,Graduate,169,Riverside
2011,Business,Graduate,183,Riverside
2011,Arts & Humanities,Graduate,432,Riverside
2010,Social Sciences,Graduate,320,Riverside
2010,Physical Sciences,Graduate,404,Riverside
2010,Medicine,Graduate,54,Riverside
2010,Life Sciences,Graduate,401,Riverside
2010,Engineering/CS,Graduate,472,Riverside
2010,Education,Graduate,171,Riverside
2010,Business,Graduate,175,Riverside
2010,Arts & Humanities,Graduate,456,Riverside
2009,Social Sciences,Graduate,318,Riverside
2009,Physical Sciences,Graduate,372,Riverside
2009,Medicine,Graduate,55,Riverside
2009,Life Sciences,Graduate,383,Riverside
2009,Engineering/CS,Graduate,437,Riverside
2009,Education,Graduate,173,Riverside
2009,Business,Graduate,172,Riverside
2009,Arts & Humanities,Graduate,487,Riverside
2008,Other/Interdisc.,Graduate,23,Riverside
2008,Social Sciences,Graduate,302,Riverside
2008,Physical Sciences,Graduate,366,Riverside
2008,Medicine,Graduate,54,Riverside
2008,Life Sciences,Graduate,373,Riverside
2008,Engineering/CS,Graduate,416,Riverside
2008,Education,Graduate,186,Riverside
2008,Business,Graduate,151,Riverside
2008,Arts & Humanities,Graduate,456,Riverside
2007,Other/Interdisc.,Graduate,21,Riverside
2007,Social Sciences,Graduate,299,Riverside
2007,Physical Sciences,Graduate,347,Riverside
2007,Medicine,Graduate,49,Riverside
2007,Life Sciences,Graduate,371,Riverside
2007,Engineering/CS,Graduate,339,Riverside
2007,Education,Graduate,199,Riverside
2007,Business,Graduate,126,Riverside
2007,Arts & Humanities,Graduate,395,Riverside
2016,Undeclared,Undergraduate,1475,SBarbara
2016,Other/Interdisc.,Undergraduate,1822,SBarbara
2016,Multiple Majors,Undergraduate,1092,SBarbara
2016,Social Sciences,Undergraduate,6597,SBarbara
2016,Physical Sciences,Undergraduate,2790,SBarbara
2016,Life Sciences,Undergraduate,4082,SBarbara
2016,Engineering/CS,Undergraduate,1436,SBarbara
2016,Business,Undergraduate,287,SBarbara
2016,Arts & Humanities,Undergraduate,1993,SBarbara
2015,Undeclared,Undergraduate,1223,SBarbara
2015,Other/Interdisc.,Undergraduate,1719,SBarbara
2015,Multiple Majors,Undergraduate,1109,SBarbara
2015,Social Sciences,Undergraduate,6233,SBarbara
2015,Physical Sciences,Undergraduate,2690,SBarbara
2015,Life Sciences,Undergraduate,4091,SBarbara
2015,Engineering/CS,Undergraduate,1460,SBarbara
2015,Business,Undergraduate,257,SBarbara
2015,Arts & Humanities,Undergraduate,1825,SBarbara
2014,Undeclared,Undergraduate,1421,SBarbara
2014,Other/Interdisc.,Undergraduate,1653,SBarbara
2014,Multiple Majors,Undergraduate,1134,SBarbara
2014,Social Sciences,Undergraduate,6075,SBarbara
2014,Physical Sciences,Undergraduate,2489,SBarbara
2014,Life Sciences,Undergraduate,3963,SBarbara
2014,Engineering/CS,Undergraduate,1407,SBarbara
2014,Business,Undergraduate,228,SBarbara
2014,Arts & Humanities,Undergraduate,1868,SBarbara
2013,Undeclared,Undergraduate,1765,SBarbara
2013,Other/Interdisc.,Undergraduate,1577,SBarbara
2013,Multiple Majors,Undergraduate,1016,SBarbara
2013,Social Sciences,Undergraduate,5762,SBarbara
2013,Physical Sciences,Undergraduate,2048,SBarbara
2013,Life Sciences,Undergraduate,3639,SBarbara
2013,Engineering/CS,Undergraduate,1398,SBarbara
2013,Business,Undergraduate,158,SBarbara
2013,Arts & Humanities,Undergraduate,1999,SBarbara
2012,Undeclared,Undergraduate,1857,SBarbara
2012,Other/Interdisc.,Undergraduate,1574,SBarbara
2012,Multiple Majors,Undergraduate,1052,SBarbara
2012,Social Sciences,Undergraduate,5710,SBarbara
2012,Physical Sciences,Undergraduate,1758,SBarbara
2012,Life Sciences,Undergraduate,3306,SBarbara
2012,Engineering/CS,Undergraduate,1355,SBarbara
2012,Business,Undergraduate,191,SBarbara
2012,Arts & Humanities,Undergraduate,2174,SBarbara
2011,Undeclared,Undergraduate,1833,SBarbara
2011,Other/Interdisc.,Undergraduate,1453,SBarbara
2011,Multiple Majors,Undergraduate,1213,SBarbara
2011,Social Sciences,Undergraduate,5301,SBarbara
2011,Physical Sciences,Undergraduate,1376,SBarbara
2011,Life Sciences,Undergraduate,3075,SBarbara
2011,Engineering/CS,Undergraduate,1304,SBarbara
2011,Business,Undergraduate,673,SBarbara
2011,Arts & Humanities,Undergraduate,2392,SBarbara
2010,Undeclared,Undergraduate,1824,SBarbara
2010,Other/Interdisc.,Undergraduate,1566,SBarbara
2010,Multiple Majors,Undergraduate,1243,SBarbara
2010,Social Sciences,Undergraduate,4808,SBarbara
2010,Physical Sciences,Undergraduate,1141,SBarbara
2010,Life Sciences,Undergraduate,3120,SBarbara
2010,Engineering/CS,Undergraduate,1203,SBarbara
2010,Business,Undergraduate,1573,SBarbara
2010,Arts & Humanities,Undergraduate,2708,SBarbara
2009,Undeclared,Undergraduate,2162,SBarbara
2009,Other/Interdisc.,Undergraduate,1778,SBarbara
2009,Multiple Majors,Undergraduate,1157,SBarbara
2009,Social Sciences,Undergraduate,4492,SBarbara
2009,Physical Sciences,Undergraduate,935,SBarbara
2009,Life Sciences,Undergraduate,2974,SBarbara
2009,Engineering/CS,Undergraduate,1206,SBarbara
2009,Business,Undergraduate,2165,SBarbara
2009,Arts & Humanities,Undergraduate,2927,SBarbara
2008,Undeclared,Undergraduate,2247,SBarbara
2008,Other/Interdisc.,Undergraduate,1736,SBarbara
2008,Multiple Majors,Undergraduate,1086,SBarbara
2008,Social Sciences,Undergraduate,4062,SBarbara
2008,Physical Sciences,Undergraduate,851,SBarbara
2008,Life Sciences,Undergraduate,2647,SBarbara
2008,Engineering/CS,Undergraduate,1213,SBarbara
2008,Business,Undergraduate,2154,SBarbara
2008,Arts & Humanities,Undergraduate,2896,SBarbara
2007,Undeclared,Undergraduate,2302,SBarbara
2007,Other/Interdisc.,Undergraduate,1733,SBarbara
2007,Multiple Majors,Undergraduate,994,SBarbara
2007,Social Sciences,Undergraduate,3967,SBarbara
2007,Physical Sciences,Undergraduate,798,SBarbara
2007,Life Sciences,Undergraduate,2463,SBarbara
2007,Engineering/CS,Undergraduate,1164,SBarbara
2007,Business,Undergraduate,2092,SBarbara
2007,Arts & Humanities,Undergraduate,2902,SBarbara
2016,Other/Interdisc.,Graduate,135,SBarbara
2016,Multiple Majors,Graduate,42,SBarbara
2016,Social Sciences,Graduate,391,SBarbara
2016,Physical Sciences,Graduate,574,SBarbara
2016,Life Sciences,Graduate,386,SBarbara
2016,Engineering/CS,Graduate,525,SBarbara
2016,Education,Graduate,199,SBarbara
2016,Business,Graduate,34,SBarbara
2016,Arts & Humanities,Graduate,480,SBarbara
2015,Other/Interdisc.,Graduate,93,SBarbara
2015,Multiple Majors,Graduate,52,SBarbara
2015,Social Sciences,Graduate,490,SBarbara
2015,Physical Sciences,Graduate,566,SBarbara
2015,Life Sciences,Graduate,385,SBarbara
2015,Engineering/CS,Graduate,552,SBarbara
2015,Education,Graduate,240,SBarbara
2015,Business,Graduate,27,SBarbara
2015,Arts & Humanities,Graduate,477,SBarbara
2014,Other/Interdisc.,Graduate,96,SBarbara
2014,Multiple Majors,Graduate,45,SBarbara
2014,Social Sciences,Graduate,493,SBarbara
2014,Physical Sciences,Graduate,571,SBarbara
2014,Life Sciences,Graduate,356,SBarbara
2014,Engineering/CS,Graduate,529,SBarbara
2014,Education,Graduate,232,SBarbara
2014,Business,Graduate,5,SBarbara
2014,Arts & Humanities,Graduate,474,SBarbara
2013,Other/Interdisc.,Graduate,104,SBarbara
2013,Multiple Majors,Graduate,39,SBarbara
2013,Social Sciences,Graduate,489,SBarbara
2013,Physical Sciences,Graduate,582,SBarbara
2013,Life Sciences,Graduate,337,SBarbara
2013,Engineering/CS,Graduate,573,SBarbara
2013,Education,Graduate,234,SBarbara
2013,Business,Graduate,1,SBarbara
2013,Arts & Humanities,Graduate,494,SBarbara
2012,Other/Interdisc.,Graduate,93,SBarbara
2012,Multiple Majors,Graduate,51,SBarbara
2012,Social Sciences,Graduate,519,SBarbara
2012,Physical Sciences,Graduate,567,SBarbara
2012,Life Sciences,Graduate,373,SBarbara
2012,Engineering/CS,Graduate,563,SBarbara
2012,Education,Graduate,245,SBarbara
2012,Arts & Humanities,Graduate,527,SBarbara
2011,Other/Interdisc.,Graduate,108,SBarbara
2011,Multiple Majors,Graduate,53,SBarbara
2011,Social Sciences,Graduate,551,SBarbara
2011,Physical Sciences,Graduate,546,SBarbara
2011,Life Sciences,Graduate,379,SBarbara
2011,Engineering/CS,Graduate,579,SBarbara
2011,Education,Graduate,282,SBarbara
2011,Arts & Humanities,Graduate,551,SBarbara
2010,Other/Interdisc.,Graduate,115,SBarbara
2010,Multiple Majors,Graduate,36,SBarbara
2010,Social Sciences,Graduate,533,SBarbara
2010,Physical Sciences,Graduate,549,SBarbara
2010,Life Sciences,Graduate,384,SBarbara
2010,Engineering/CS,Graduate,539,SBarbara
2010,Education,Graduate,315,SBarbara
2010,Arts & Humanities,Graduate,548,SBarbara
2009,Other/Interdisc.,Graduate,113,SBarbara
2009,Multiple Majors,Graduate,41,SBarbara
2009,Social Sciences,Graduate,538,SBarbara
2009,Physical Sciences,Graduate,538,SBarbara
2009,Life Sciences,Graduate,391,SBarbara
2009,Engineering/CS,Graduate,528,SBarbara
2009,Education,Graduate,323,SBarbara
2009,Arts & Humanities,Graduate,564,SBarbara
2008,Other/Interdisc.,Graduate,87,SBarbara
2008,Multiple Majors,Graduate,48,SBarbara
2008,Social Sciences,Graduate,514,SBarbara
2008,Physical Sciences,Graduate,407,SBarbara
2008,Life Sciences,Graduate,361,SBarbara
2008,Engineering/CS,Graduate,663,SBarbara
2008,Education,Graduate,307,SBarbara
2008,Arts & Humanities,Graduate,581,SBarbara
2007,Other/Interdisc.,Graduate,87,SBarbara
2007,Multiple Majors,Graduate,65,SBarbara
2007,Social Sciences,Graduate,495,SBarbara
2007,Physical Sciences,Graduate,406,SBarbara
2007,Life Sciences,Graduate,354,SBarbara
2007,Engineering/CS,Graduate,674,SBarbara
2007,Education,Graduate,324,SBarbara
2007,Arts & Humanities,Graduate,576,SBarbara
2016,Undeclared,Undergraduate,9063,SCruz
2016,Other/Interdisc.,Undergraduate,282,SCruz
2016,Multiple Majors,Undergraduate,729,SCruz
2016,Social Sciences,Undergraduate,1690,SCruz
2016,Public Admin,Undergraduate,62,SCruz
2016,Physical Sciences,Undergraduate,449,SCruz
2016,Life Sciences,Undergraduate,1638,SCruz
2016,Engineering/CS,Undergraduate,1316,SCruz
2016,Business,Undergraduate,487,SCruz
2016,Arts & Humanities,Undergraduate,1246,SCruz
2015,Undeclared,Undergraduate,8592,SCruz
2015,Other/Interdisc.,Undergraduate,256,SCruz
2015,Multiple Majors,Undergraduate,662,SCruz
2015,Social Sciences,Undergraduate,1804,SCruz
2015,Public Admin,Undergraduate,42,SCruz
2015,Physical Sciences,Undergraduate,479,SCruz
2015,Life Sciences,Undergraduate,1686,SCruz
2015,Engineering/CS,Undergraduate,945,SCruz
2015,Business,Undergraduate,499,SCruz
2015,Arts & Humanities,Undergraduate,1266,SCruz
2014,Undeclared,Undergraduate,8375,SCruz
2014,Other/Interdisc.,Undergraduate,214,SCruz
2014,Multiple Majors,Undergraduate,687,SCruz
2014,Social Sciences,Undergraduate,1983,SCruz
2014,Public Admin,Undergraduate,28,SCruz
2014,Physical Sciences,Undergraduate,456,SCruz
2014,Life Sciences,Undergraduate,1784,SCruz
2014,Engineering/CS,Undergraduate,832,SCruz
2014,Business,Undergraduate,509,SCruz
2014,Arts & Humanities,Undergraduate,1409,SCruz
2013,Undeclared,Undergraduate,7775,SCruz
2013,Other/Interdisc.,Undergraduate,169,SCruz
2013,Multiple Majors,Undergraduate,677,SCruz
2013,Social Sciences,Undergraduate,1860,SCruz
2013,Public Admin,Undergraduate,9,SCruz
2013,Physical Sciences,Undergraduate,446,SCruz
2013,Life Sciences,Undergraduate,1890,SCruz
2013,Engineering/CS,Undergraduate,986,SCruz
2013,Business,Undergraduate,461,SCruz
2013,Arts & Humanities,Undergraduate,1422,SCruz
2012,Undeclared,Undergraduate,7935,SCruz
2012,Other/Interdisc.,Undergraduate,145,SCruz
2012,Multiple Majors,Undergraduate,715,SCruz
2012,Social Sciences,Undergraduate,1789,SCruz
2012,Public Admin,Undergraduate,28,SCruz
2012,Physical Sciences,Undergraduate,452,SCruz
2012,Life Sciences,Undergraduate,1900,SCruz
2012,Engineering/CS,Undergraduate,936,SCruz
2012,Education,Undergraduate,2,SCruz
2012,Business,Undergraduate,481,SCruz
2012,Arts & Humanities,Undergraduate,1595,SCruz
2011,Undeclared,Undergraduate,7428,SCruz
2011,Other/Interdisc.,Undergraduate,119,SCruz
2011,Multiple Majors,Undergraduate,706,SCruz
2011,Social Sciences,Undergraduate,1923,SCruz
2011,Public Admin,Undergraduate,79,SCruz
2011,Physical Sciences,Undergraduate,479,SCruz
2011,Life Sciences,Undergraduate,1957,SCruz
2011,Engineering/CS,Undergraduate,799,SCruz
2011,Education,Undergraduate,5,SCruz
2011,Business,Undergraduate,555,SCruz
2011,Arts & Humanities,Undergraduate,1895,SCruz
2010,Undeclared,Undergraduate,7070,SCruz
2010,Other/Interdisc.,Undergraduate,108,SCruz
2010,Multiple Majors,Undergraduate,657,SCruz
2010,Social Sciences,Undergraduate,2145,SCruz
2010,Public Admin,Undergraduate,112,SCruz
2010,Physical Sciences,Undergraduate,518,SCruz
2010,Life Sciences,Undergraduate,1901,SCruz
2010,Engineering/CS,Undergraduate,699,SCruz
2010,Education,Undergraduate,3,SCruz
2010,Business,Undergraduate,580,SCruz
2010,Arts & Humanities,Undergraduate,1875,SCruz
2009,Undeclared,Undergraduate,7472,SCruz
2009,Other/Interdisc.,Undergraduate,87,SCruz
2009,Multiple Majors,Undergraduate,544,SCruz
2009,Social Sciences,Undergraduate,1978,SCruz
2009,Public Admin,Undergraduate,132,SCruz
2009,Physical Sciences,Undergraduate,426,SCruz
2009,Life Sciences,Undergraduate,1658,SCruz
2009,Engineering/CS,Undergraduate,562,SCruz
2009,Business,Undergraduate,566,SCruz
2009,Arts & Humanities,Undergraduate,1834,SCruz
2008,Undeclared,Undergraduate,7970,SCruz
2008,Other/Interdisc.,Undergraduate,169,SCruz
2008,Multiple Majors,Undergraduate,463,SCruz
2008,Social Sciences,Undergraduate,1768,SCruz
2008,Public Admin,Undergraduate,124,SCruz
2008,Physical Sciences,Undergraduate,382,SCruz
2008,Life Sciences,Undergraduate,1460,SCruz
2008,Engineering/CS,Undergraduate,462,SCruz
2008,Business,Undergraduate,502,SCruz
2008,Arts & Humanities,Undergraduate,1825,SCruz
2007,Undeclared,Undergraduate,7421,SCruz
2007,Other/Interdisc.,Undergraduate,196,SCruz
2007,Multiple Majors,Undergraduate,516,SCruz
2007,Social Sciences,Undergraduate,1729,SCruz
2007,Public Admin,Undergraduate,107,SCruz
2007,Physical Sciences,Undergraduate,363,SCruz
2007,Life Sciences,Undergraduate,1445,SCruz
2007,Engineering/CS,Undergraduate,300,SCruz
2007,Business,Undergraduate,471,SCruz
2007,Arts & Humanities,Undergraduate,1855,SCruz
2016,Other/Interdisc.,Graduate,37,SCruz
2016,Social Sciences,Graduate,291,SCruz
2016,Physical Sciences,Graduate,400,SCruz
2016,Life Sciences,Graduate,265,SCruz
2016,Engineering/CS,Graduate,473,SCruz
2016,Education,Graduate,111,SCruz
2016,Arts & Humanities,Graduate,244,SCruz
2015,Other/Interdisc.,Graduate,40,SCruz
2015,Social Sciences,Graduate,286,SCruz
2015,Physical Sciences,Graduate,359,SCruz
2015,Life Sciences,Graduate,237,SCruz
2015,Engineering/CS,Graduate,363,SCruz
2015,Education,Graduate,106,SCruz
2015,Arts & Humanities,Graduate,246,SCruz
2014,Other/Interdisc.,Graduate,37,SCruz
2014,Social Sciences,Graduate,260,SCruz
2014,Physical Sciences,Graduate,348,SCruz
2014,Life Sciences,Graduate,233,SCruz
2014,Engineering/CS,Graduate,345,SCruz
2014,Education,Graduate,110,SCruz
2014,Arts & Humanities,Graduate,256,SCruz
2013,Other/Interdisc.,Graduate,39,SCruz
2013,Social Sciences,Graduate,239,SCruz
2013,Physical Sciences,Graduate,369,SCruz
2013,Life Sciences,Graduate,240,SCruz
2013,Engineering/CS,Graduate,297,SCruz
2013,Education,Graduate,89,SCruz
2013,Arts & Humanities,Graduate,235,SCruz
2012,Other/Interdisc.,Graduate,37,SCruz
2012,Social Sciences,Graduate,228,SCruz
2012,Physical Sciences,Graduate,365,SCruz
2012,Life Sciences,Graduate,228,SCruz
2012,Engineering/CS,Graduate,244,SCruz
2012,Education,Graduate,93,SCruz
2012,Arts & Humanities,Graduate,231,SCruz
2011,Other/Interdisc.,Graduate,40,SCruz
2011,Social Sciences,Graduate,260,SCruz
2011,Physical Sciences,Graduate,365,SCruz
2011,Life Sciences,Graduate,216,SCruz
2011,Engineering/CS,Graduate,280,SCruz
2011,Education,Graduate,120,SCruz
2011,Arts & Humanities,Graduate,228,SCruz
2010,Other/Interdisc.,Graduate,40,SCruz
2010,Social Sciences,Graduate,281,SCruz
2010,Physical Sciences,Graduate,366,SCruz
2010,Life Sciences,Graduate,209,SCruz
2010,Engineering/CS,Graduate,283,SCruz
2010,Education,Graduate,138,SCruz
2010,Arts & Humanities,Graduate,202,SCruz
2009,Other/Interdisc.,Graduate,48,SCruz
2009,Social Sciences,Graduate,271,SCruz
2009,Physical Sciences,Graduate,351,SCruz
2009,Life Sciences,Graduate,203,SCruz
2009,Engineering/CS,Graduate,291,SCruz
2009,Education,Graduate,133,SCruz
2009,Arts & Humanities,Graduate,219,SCruz
2008,Other/Interdisc.,Graduate,53,SCruz
2008,Social Sciences,Graduate,273,SCruz
2008,Physical Sciences,Graduate,350,SCruz
2008,Life Sciences,Graduate,203,SCruz
2008,Engineering/CS,Graduate,268,SCruz
2008,Education,Graduate,136,SCruz
2008,Arts & Humanities,Graduate,207,SCruz
2007,Other/Interdisc.,Graduate,48,SCruz
2007,Social Sciences,Graduate,264,SCruz
2007,Physical Sciences,Graduate,333,SCruz
2007,Life Sciences,Graduate,202,SCruz
2007,Engineering/CS,Graduate,249,SCruz
2007,Education,Graduate,125,SCruz
2007,Arts & Humanities,Graduate,201,SCruz
2016,Undeclared,Undergraduate,1169,SDiego
2016,Other/Interdisc.,Undergraduate,3836,SDiego
2016,Multiple Majors,Undergraduate,590,SDiego
2016,Social Sciences,Undergraduate,4238,SDiego
2016,Physical Sciences,Undergraduate,3176,SDiego
2016,Life Sciences,Undergraduate,6885,SDiego
2016,Engineering/CS,Undergraduate,5810,SDiego
2016,Business,Undergraduate,650,SDiego
2016,Arts & Humanities,Undergraduate,1220,SDiego
2015,Undeclared,Undergraduate,1104,SDiego
2015,Other/Interdisc.,Undergraduate,2511,SDiego
2015,Multiple Majors,Undergraduate,498,SDiego
2015,Social Sciences,Undergraduate,4296,SDiego
2015,Physical Sciences,Undergraduate,2845,SDiego
2015,Life Sciences,Undergraduate,6544,SDiego
2015,Engineering/CS,Undergraduate,6402,SDiego
2015,Business,Undergraduate,736,SDiego
2015,Arts & Humanities,Undergraduate,1087,SDiego
2014,Undeclared,Undergraduate,923,SDiego
2014,Other/Interdisc.,Undergraduate,1920,SDiego
2014,Multiple Majors,Undergraduate,479,SDiego
2014,Social Sciences,Undergraduate,4356,SDiego
2014,Physical Sciences,Undergraduate,2405,SDiego
2014,Life Sciences,Undergraduate,6000,SDiego
2014,Engineering/CS,Undergraduate,6524,SDiego
2014,Business,Undergraduate,751,SDiego
2014,Arts & Humanities,Undergraduate,1049,SDiego
2013,Undeclared,Undergraduate,675,SDiego
2013,Other/Interdisc.,Undergraduate,1919,SDiego
2013,Multiple Majors,Undergraduate,511,SDiego
2013,Social Sciences,Undergraduate,4700,SDiego
2013,Physical Sciences,Undergraduate,2207,SDiego
2013,Life Sciences,Undergraduate,5571,SDiego
2013,Engineering/CS,Undergraduate,6192,SDiego
2013,Business,Undergraduate,737,SDiego
2013,Arts & Humanities,Undergraduate,1151,SDiego
2012,Undeclared,Undergraduate,824,SDiego
2012,Other/Interdisc.,Undergraduate,2016,SDiego
2012,Multiple Majors,Undergraduate,561,SDiego
2012,Social Sciences,Undergraduate,5065,SDiego
2012,Physical Sciences,Undergraduate,2388,SDiego
2012,Life Sciences,Undergraduate,4286,SDiego
2012,Engineering/CS,Undergraduate,5415,SDiego
2012,Business,Undergraduate,779,SDiego
2012,Arts & Humanities,Undergraduate,1303,SDiego
2011,Undeclared,Undergraduate,767,SDiego
2011,Other/Interdisc.,Undergraduate,2246,SDiego
2011,Multiple Majors,Undergraduate,694,SDiego
2011,Social Sciences,Undergraduate,5459,SDiego
2011,Physical Sciences,Undergraduate,2215,SDiego
2011,Life Sciences,Undergraduate,4623,SDiego
2011,Engineering/CS,Undergraduate,4699,SDiego
2011,Business,Undergraduate,795,SDiego
2011,Arts & Humanities,Undergraduate,1510,SDiego
2010,Undeclared,Undergraduate,822,SDiego
2010,Other/Interdisc.,Undergraduate,2312,SDiego
2010,Multiple Majors,Undergraduate,731,SDiego
2010,Social Sciences,Undergraduate,5527,SDiego
2010,Physical Sciences,Undergraduate,2128,SDiego
2010,Life Sciences,Undergraduate,5322,SDiego
2010,Engineering/CS,Undergraduate,4308,SDiego
2010,Business,Undergraduate,798,SDiego
2010,Arts & Humanities,Undergraduate,1674,SDiego
2009,Undeclared,Undergraduate,762,SDiego
2009,Other/Interdisc.,Undergraduate,2176,SDiego
2009,Multiple Majors,Undergraduate,718,SDiego
2009,Social Sciences,Undergraduate,5307,SDiego
2009,Physical Sciences,Undergraduate,1696,SDiego
2009,Life Sciences,Undergraduate,5846,SDiego
2009,Engineering/CS,Undergraduate,4036,SDiego
2009,Business,Undergraduate,877,SDiego
2009,Arts & Humanities,Undergraduate,1680,SDiego
2008,Undeclared,Undergraduate,785,SDiego
2008,Other/Interdisc.,Undergraduate,2104,SDiego
2008,Multiple Majors,Undergraduate,594,SDiego
2008,Social Sciences,Undergraduate,5106,SDiego
2008,Physical Sciences,Undergraduate,1763,SDiego
2008,Life Sciences,Undergraduate,5642,SDiego
2008,Engineering/CS,Undergraduate,3810,SDiego
2008,Business,Undergraduate,897,SDiego
2008,Arts & Humanities,Undergraduate,1776,SDiego
2007,Undeclared,Undergraduate,1088,SDiego
2007,Other/Interdisc.,Undergraduate,2006,SDiego
2007,Multiple Majors,Undergraduate,620,SDiego
2007,Social Sciences,Undergraduate,4901,SDiego
2007,Physical Sciences,Undergraduate,1938,SDiego
2007,Life Sciences,Undergraduate,5226,SDiego
2007,Engineering/CS,Undergraduate,3656,SDiego
2007,Business,Undergraduate,741,SDiego
2007,Arts & Humanities,Undergraduate,1828,SDiego
2016,Social Sciences,Graduate,685,SDiego
2016,Public Admin,Graduate,20,SDiego
2016,Physical Sciences,Graduate,747,SDiego
2016,Medicine,Graduate,509,SDiego
2016,Life Sciences,Graduate,755,SDiego
2016,Engineering/CS,Graduate,2545,SDiego
2016,Education,Graduate,141,SDiego
2016,Business,Graduate,520,SDiego
2016,Arts & Humanities,Graduate,450,SDiego
2015,Social Sciences,Graduate,717,SDiego
2015,Physical Sciences,Graduate,768,SDiego
2015,Medicine,Graduate,505,SDiego
2015,Life Sciences,Graduate,719,SDiego
2015,Engineering/CS,Graduate,2158,SDiego
2015,Education,Graduate,153,SDiego
2015,Business,Graduate,356,SDiego
2015,Arts & Humanities,Graduate,461,SDiego
2014,Social Sciences,Graduate,748,SDiego
2014,Physical Sciences,Graduate,775,SDiego
2014,Medicine,Graduate,501,SDiego
2014,Life Sciences,Graduate,696,SDiego
2014,Engineering/CS,Graduate,1780,SDiego
2014,Education,Graduate,123,SDiego
2014,Business,Graduate,319,SDiego
2014,Arts & Humanities,Graduate,481,SDiego
2013,Other/Interdisc.,Graduate,142,SDiego
2013,Social Sciences,Graduate,759,SDiego
2013,Physical Sciences,Graduate,771,SDiego
2013,Medicine,Graduate,502,SDiego
2013,Life Sciences,Graduate,711,SDiego
2013,Engineering/CS,Graduate,1631,SDiego
2013,Education,Graduate,132,SDiego
2013,Business,Graduate,269,SDiego
2013,Arts & Humanities,Graduate,490,SDiego
2012,Social Sciences,Graduate,743,SDiego
2012,Physical Sciences,Graduate,744,SDiego
2012,Medicine,Graduate,516,SDiego
2012,Life Sciences,Graduate,720,SDiego
2012,Engineering/CS,Graduate,1535,SDiego
2012,Education,Graduate,142,SDiego
2012,Business,Graduate,277,SDiego
2012,Arts & Humanities,Graduate,497,SDiego
2011,Social Sciences,Graduate,786,SDiego
2011,Physical Sciences,Graduate,741,SDiego
2011,Medicine,Graduate,509,SDiego
2011,Life Sciences,Graduate,685,SDiego
2011,Engineering/CS,Graduate,1422,SDiego
2011,Education,Graduate,162,SDiego
2011,Business,Graduate,291,SDiego
2011,Arts & Humanities,Graduate,515,SDiego
2010,Social Sciences,Graduate,744,SDiego
2010,Physical Sciences,Graduate,759,SDiego
2010,Medicine,Graduate,521,SDiego
2010,Life Sciences,Graduate,694,SDiego
2010,Engineering/CS,Graduate,1389,SDiego
2010,Education,Graduate,163,SDiego
2010,Business,Graduate,293,SDiego
2010,Arts & Humanities,Graduate,516,SDiego
2009,Social Sciences,Graduate,676,SDiego
2009,Physical Sciences,Graduate,721,SDiego
2009,Medicine,Graduate,510,SDiego
2009,Life Sciences,Graduate,688,SDiego
2009,Engineering/CS,Graduate,1307,SDiego
2009,Education,Graduate,160,SDiego
2009,Business,Graduate,277,SDiego
2009,Arts & Humanities,Graduate,522,SDiego
2008,Other/Interdisc.,Graduate,192,SDiego
2008,Social Sciences,Graduate,684,SDiego
2008,Physical Sciences,Graduate,665,SDiego
2008,Medicine,Graduate,513,SDiego
2008,Life Sciences,Graduate,619,SDiego
2008,Engineering/CS,Graduate,1158,SDiego
2008,Education,Graduate,164,SDiego
2008,Business,Graduate,262,SDiego
2008,Arts & Humanities,Graduate,491,SDiego
2007,Other/Interdisc.,Graduate,185,SDiego
2007,Social Sciences,Graduate,682,SDiego
2007,Physical Sciences,Graduate,661,SDiego
2007,Medicine,Graduate,504,SDiego
2007,Life Sciences,Graduate,624,SDiego
2007,Engineering/CS,Graduate,1172,SDiego
2007,Education,Graduate,175,SDiego
2007,Business,Graduate,245,SDiego
2007,Arts & Humanities,Graduate,475,SDiego
